Code,State,Minimum Wage
AL,Alabama,$7.25 
AK,Alaska,$10.19 
AZ,Arizona,$12.00 
AR,Arkansas,$10.00 
CA,California,$12.00 
CO,Colorado,$12.00 
CT,Connecticut,$12.00 
DE,Delaware,$9.25 
DC,D.C.,$13.25 
FL,Florida,$8.56 
GA,Georgia,$7.25 
HI,Hawaii,$10.10 
ID,Idaho,$7.25 
IL,Illinois,$10.00 
IN,Indiana,$7.25 
IA,Iowa,$7.25 
KS,Kansas,$7.25 
KY,Kentucky,$7.25 
LA,Louisiana,$7.25 
ME,Maine,$12.00 
MD,Maryland,$11.00 
MA,Massachusetts,$12.75 
MI,Michigan,$9.65 
MN,Minnesota,$10.00 
MS,Mississippi,$7.25 
MO,Missouri,$9.45 
MT,Montana,$8.65 
NE,Nebraska,$9.00 
NV,Nevada,$8.00 
NH,New Hampshire,$7.25 
NJ,New Jersey,$11.00 
NM,New Mexico,$9.00 
NY,New York,$11.80 
NC,North Carolina,$7.25 
ND,North Dakota,$7.25 
OH,Ohio,$8.70 
OK,Oklahoma,$7.25 
OR,Oregon,$12.00 
PA,Pennsylvania,$7.25 
RI,Rhode Island,$10.50 
SC,South Carolina,$7.25 
SD,South Dakota,$9.30 
TN,Tennessee,$7.25 
TX,Texas,$7.25 
UT,Utah,$7.25 
VT,Vermont,$10.96 
VA,Virginia,$7.25 
WA,Washington,$13.50 
WV,West Virginia,$8.75 
WI,Wisconsin,$7.25 
WY,Wyoming,$7.25 